date,height,status,type,in_tx_count,out_tx_count,pools,first_in_tx_id,first_out_tx_id,in_asset,in_amount,in_address,out_asset,out_amount,out_address,swap_liquidity_fee,swap_slip_bps,swap_target_asset,swap_network_fee_asset,swap_network_fee_amount,transaction_id
1747522697950714541,11199574,success,swap,1,1,"ETH.ETH,THOR.RUNE",5D9EF09B252D70FE6411E5E8CD647ED16E1D10B98D98F832E6151974F4716D14,782C12AD79D43F13EF34C9CA18545F60ACD1E72470544CCF96CC802338043F42,ETH/ETH,13314852,maya176820wmjp536wtsddxn4y52ghp3w23k747hard,THOR.RUNE,19644881829,thor17hwqt302e5f2xm4h95ma8wuggqkvfzgvsnh5z9,6837891837,15,19639127951,THOR.RUNE,2587000,5D9EF09B252D70FE6411E5E8CD647ED16E1D10B98D98F832E6151974F4716D14
1747522346736686257,11199512,success,swap,1,1,"ETH.ETH,THOR.RUNE",3C78CA54BA4F5D5D2A8E75515FE46AC037CF46FC582883520CCCE9C7226B3088,C2AF377262405AAD2876637BFBB964F8B05AE201173FCB576BCA99CADFDF7E95,ETH/ETH,13543642,maya176820wmjp536wtsddxn4y52ghp3w23k747hard,THOR.RUNE,19994087647,thor17hwqt302e5f2xm4h95ma8wuggqkvfzgvsnh5z9,7077926812,15,19987792590,THOR.RUNE,2587000,3C78CA54BA4F5D5D2A8E75515FE46AC037CF46FC582883520CCCE9C7226B3088
1747522244389128071,11199494,success,send,1,1,,FA45E2A83859C925EB81091D3CD625B1BFF7BB3B9A051C2C5DF4AA436118EF29,FA45E2A83859C925EB81091D3CD625B1BFF7BB3B9A051C2C5DF4AA436118EF29,MAYA,100000,maya1w7c8mtku9pyn8gfkvdelvtk2vw0vxywnt54u6v,MAYA,100000,maya1fmecyfrrwsm98m59nv9y88urgur8p32g27kha6,,,,,,
1747522227367207282,11199491,success,swap,1,1,"ETH.USDC-0XA0B86991C6218B36C1D19D4A2E9EB0CE3606EB48,THOR.RUNE",83BACA54F6F6819EFF06F8524587F9742173A21FE1D817EBE9D130FDA3CB42FF,F93A036C04FCC86AE4F8E6306F3F2ED5B276CB3A1A08FC9F60316428DDB2D0B3,ETH/USDC-0XA0B86991C6218B36C1D19D4A2E9EB0CE3606EB48,17518300000,maya176820wmjp536wtsddxn4y52ghp3w23k747hard,THOR.RUNE,10499005386,thor17hwqt302e5f2xm4h95ma8wuggqkvfzgvsnh5z9,5824222288,17,10492045551,THOR.RUNE,2587000,83BACA54F6F6819EFF06F8524587F9742173A21FE1D817EBE9D130FDA3CB42FF
1747522221760961422,11199490,success,send,1,1,,EEF4272F18ADD4C1D1029300E63345E3D45BAB38A46517A6FC6F3B48A5FD9FBE,EEF4272F18ADD4C1D1029300E63345E3D45BAB38A46517A6FC6F3B48A5FD9FBE,MAYA,100000,maya1w7c8mtku9pyn8gfkvdelvtk2vw0vxywnt54u6v,MAYA,100000,maya1fmecyfrrwsm98m59nv9y88urgur8p32g27kha6,,,,,,
1747522091209737513,11199467,success,swap,1,1,"ETH.ETH,THOR.RUNE",5A1EFD36BD7C41794ED6993CF14395F95D35029918713FC59DE465788B76BA37,E71BE72CAAA8E998FD3E250BE01E9E3CA9F3CE5B3FC3E72CCDAC043008F638B0,ETH/ETH,13778517,maya176820wmjp536wtsddxn4y52ghp3w23k747hard,THOR.RUNE,20356158979,thor17hwqt302e5f2xm4h95ma8wuggqkvfzgvsnh5z9,7328935373,15,20349458101,THOR.RUNE,2587000,5A1EFD36BD7C41794ED6993CF14395F95D35029918713FC59DE465788B76BA37
1747521943961936145,11199441,success,swap,1,1,"ETH.ETH,THOR.RUNE",07767DF1797C45FE3711A985A21506F55FFE408CFAAFAA5919D0442A44DC3844,D7232A0515B66848C94202888E38228129C935CD8F81F109B53FFBB65473C914,ETH/ETH,14020789,maya176820wmjp536wtsddxn4y52ghp3w23k747hard,THOR.RUNE,20726582547,thor17hwqt302e5f2xm4h95ma8wuggqkvfzgvsnh5z9,7592290896,15,20718077303,THOR.RUNE,2587000,07767DF1797C45FE3711A985A21506F55FFE408CFAAFAA5919D0442A44DC3844
1747521835356804958,11199422,success,swap,1,1,"ETH.ETH,THOR.RUNE",128F675153407DD2EB473D26FD74C9F7F296E3C6D024EEC2ABC4BAB6015C925F,52C6A6F8695E52E17618573D2B3475DE82FAB80A572F65810331EE4FCF9CC718,ETH/ETH,11602407,maya176820wmjp536wtsddxn4y52ghp3w23k747hard,THOR.RUNE,17162575503,thor17hwqt302e5f2xm4h95ma8wuggqkvfzgvsnh5z9,5201845218,13,17156688834,THOR.RUNE,2587000,128F675153407DD2EB473D26FD74C9F7F296E3C6D024EEC2ABC4BAB6015C925F
1747521835356804958,11199422,success,swap,1,1,"ETH.USDT-0XDAC17F958D2EE523A2206206994597C13D831EC7,THOR.RUNE",64F7A029185E00E4C96BA31CD001B143F693CBC83001FFEEADE299CB7F3FF45D,4F8BF9B5E1CFDA15F0AEECCCE3AD4C570A8E70DEB082F4FE1ABBD14762614001,ETH/USDT-0XDAC17F958D2EE523A2206206994597C13D831EC7,19305782280,maya176820wmjp536wtsddxn4y52ghp3w23k747hard,THOR.RUNE,11591568144,thor17hwqt302e5f2xm4h95ma8wuggqkvfzgvsnh5z9,8127603189,19,11582258101,THOR.RUNE,2587000,64F7A029185E00E4C96BA31CD001B143F693CBC83001FFEEADE299CB7F3FF45D
1747521807042633106,11199417,success,swap,1,1,"ETH.ETH,THOR.RUNE",9EDF5304969A1CEE6CD95E12DEE2B403D0C0E2337655B4BEE9FB3C45B6514321,1C1A2FD87CEFED5E3802096A7A9105BC938CAEBBACDE81DF2CB9DB7D0455FE77,ETH/ETH,11357661,maya176820wmjp536wtsddxn4y52ghp3w23k747hard,THOR.RUNE,16812136135,thor17hwqt302e5f2xm4h95ma8wuggqkvfzgvsnh5z9,4986783323,13,16806550363,THOR.RUNE,2587000,9EDF5304969A1CEE6CD95E12DEE2B403D0C0E2337655B4BEE9FB3C45B6514321
1747521807042633106,11199417,success,swap,1,1,"ETH.USDC-0XA0B86991C6218B36C1D19D4A2E9EB0CE3606EB48,THOR.RUNE",9F8856E8147F81326B4BA5F7D993A59D6AA3EEC6A632A286932F769955795F82,9697CB19C086F4AF33FD5B2CA8D464237AA7A0D3FCCC0AAECCCA57AD57E33BD8,ETH/USDC-0XA0B86991C6218B36C1D19D4A2E9EB0CE3606EB48,18795670000,maya176820wmjp536wtsddxn4y52ghp3w23k747hard,THOR.RUNE,11287918164,thor17hwqt302e5f2xm4h95ma8wuggqkvfzgvsnh5z9,6709373448,18,11282199601,THOR.RUNE,2587000,9F8856E8147F81326B4BA5F7D993A59D6AA3EEC6A632A286932F769955795F82
1747521488661774238,11199361,pending,swap,1,0,"ETH.USDC-0XA0B86991C6218B36C1D19D4A2E9EB0CE3606EB48,THOR.RUNE",FB386368639BAED1FA2588AD2E3AAA4B7689D4B64478F2415D2AF619B0E36560,,ETH/USDC-0XA0B86991C6218B36C1D19D4A2E9EB0CE3606EB48,20263050000,maya176820wmjp536wtsddxn4y52ghp3w23k747hard,,,,7803216584,18,12172373151,THOR.RUNE,2587000,FB386368639BAED1FA2588AD2E3AAA4B7689D4B64478F2415D2AF619B0E36560
1747521057835033475,11199285,success,swap,1,1,"ETH.ETH,ETH.USDC-0XA0B86991C6218B36C1D19D4A2E9EB0CE3606EB48",9CCC9EE37CC31C343DC61F450035DE791CA2D2EE8F161C0E517D8F640CD4BEE7,,ETH/ETH,7049999,maya176820wmjp536wtsddxn4y52ghp3w23k747hard,ETH/USDC-0XA0B86991C6218B36C1D19D4A2E9EB0CE3606EB48,17318467600,maya176820wmjp536wtsddxn4y52ghp3w23k747hard,6312890470,18,17308778455,ETH/USDC-0XA0B86991C6218B36C1D19D4A2E9EB0CE3606EB48,4161800,9CCC9EE37CC31C343DC61F450035DE791CA2D2EE8F161C0E517D8F640CD4BEE7
1747521035300709388,11199281,success,swap,1,1,"ETH.ETH,ETH.USDC-0XA0B86991C6218B36C1D19D4A2E9EB0CE3606EB48",A63C90F88C490C909E1F8191AF007A1EBA0618DD506B6C24A8152EEA5DB5CFA4,,ETH/ETH,7110000,maya176820wmjp536wtsddxn4y52ghp3w23k747hard,ETH/USDC-0XA0B86991C6218B36C1D19D4A2E9EB0CE3606EB48,17479012500,maya176820wmjp536wtsddxn4y52ghp3w23k747hard,6425624171,18,17469760841,ETH/USDC-0XA0B86991C6218B36C1D19D4A2E9EB0CE3606EB48,4164400,A63C90F88C490C909E1F8191AF007A1EBA0618DD506B6C24A8152EEA5DB5CFA4
1747521029741841794,11199280,success,swap,1,1,"ETH.ETH,ETH.USDT-0XDAC17F958D2EE523A2206206994597C13D831EC7",6EFFC71D65B814CDEE9845397A8B0DFA4E0D2940E6532E6930112809074A2C57,,ETH/ETH,7850000,maya176820wmjp536wtsddxn4y52ghp3w23k747hard,ETH/USDT-0XDAC17F958D2EE523A2206206994597C13D831EC7,19290982600,maya176820wmjp536wtsddxn4y52ghp3w23k747hard,8881465463,20,19281020296,ETH/USDT-0XDAC17F958D2EE523A2206206994597C13D831EC7,4162900,6EFFC71D65B814CDEE9845397A8B0DFA4E0D2940E6532E6930112809074A2C57
1747520973276955139,11199270,success,swap,1,1,"ETH.ETH,ETH.USDC-0XA0B86991C6218B36C1D19D4A2E9EB0CE3606EB48",A1AE2DD23CADAD324DCF42FD0F3B4C1F5FC8C2F7C8AEA3313BF7DA560A3CB4E8,,ETH/ETH,7198664,maya176820wmjp536wtsddxn4y52ghp3w23k747hard,ETH/USDC-0XA0B86991C6218B36C1D19D4A2E9EB0CE3606EB48,17713359400,maya176820wmjp536wtsddxn4y52ghp3w23k747hard,6593844107,18,17704115251,ETH/USDC-0XA0B86991C6218B36C1D19D4A2E9EB0CE3606EB48,4166900,A1AE2DD23CADAD324DCF42FD0F3B4C1F5FC8C2F7C8AEA3313BF7DA560A3CB4E8
1747520819838066975,11199243,success,swap,1,1,"ETH.ETH,ETH.USDC-0XA0B86991C6218B36C1D19D4A2E9EB0CE3606EB48",C1263E602D8B2456299DB387B313B067F5AEB9C38EB0047BA0106670FE5503B8,,ETH/ETH,5608410,maya176820wmjp536wtsddxn4y52ghp3w23k747hard,ETH/USDC-0XA0B86991C6218B36C1D19D4A2E9EB0CE3606EB48,13812444000,maya176820wmjp536wtsddxn4y52ghp3w23k747hard,4006129787,16,13803208501,ETH/USDC-0XA0B86991C6218B36C1D19D4A2E9EB0CE3606EB48,4169500,C1263E602D8B2456299DB387B313B067F5AEB9C38EB0047BA0106670FE5503B8
1747520320625801547,11199155,success,swap,1,1,BTC.BTC,DFEEDB920A8C25C404B9AE03F0FF89A261F883E7C8936DFB8E3B48EEAB5174E7,240F942D80AEF0029C4BFF6A01A87AE38B8B2913C78D270686A39FF4A25D99A0,BTC/BTC,6350000,maya1qvlul0ujfrq27ja7uxrp8r7my9juegz0ul0lxc,BTC.BTC,6337836,bc1q47pfu4ymsdpjranzucmxcj4g5cqwnh52srnnr9,171696717947,16,0,BTC.BTC,2587,DFEEDB920A8C25C404B9AE03F0FF89A261F883E7C8936DFB8E3B48EEAB5174E7
1747520309209370829,11199153,success,swap,1,1,"THOR.RUNE,BTC.BTC",D5C6C9A980BA57F911BAE14648946C89328EF1AA89C50EE82ECED44B94D0E355,,THOR.RUNE,59470111222,thor17f9d0w3y2j9a6s83vz0xfssdmdwe5yzkkxvfqx,BTC/BTC,960188,maya17f9d0w3y2j9a6s83vz0xfssdmdwe5yzkk3j9kk,33351965106,17,915607,BTC/BTC,41,D5C6C9A980BA57F911BAE14648946C89328EF1AA89C50EE82ECED44B94D0E355
1747520309209370829,11199153,success,swap,1,1,"THOR.RUNE,BTC.BTC",90A3486C1815E78C35B757E599B00C734AA3118994A4DBA4FEFE8AB89DE52DD3,,THOR.RUNE,59470111222,thor1dmgdpkqngg3amua5hffjcharngzdp4wv39azjs,BTC/BTC,961300,maya1dmgdpkqngg3amua5hffjcharngzdp4wv3jrwyq,33378467331,17,915607,BTC/BTC,41,90A3486C1815E78C35B757E599B00C734AA3118994A4DBA4FEFE8AB89DE52DD3
1747520303294617304,11199152,success,swap,1,1,"THOR.RUNE,ETH.USDT-0XDAC17F958D2EE523A2206206994597C13D831EC7",602CA44A0F086D3AA5349D6CD8959D56F167F24B787828ABD984561143F8AC00,,THOR.RUNE,17740000000,thor17hwqt302e5f2xm4h95ma8wuggqkvfzgvsnh5z9,ETH/USDT-0XDAC17F958D2EE523A2206206994597C13D831EC7,29474429200,maya176820wmjp536wtsddxn4y52ghp3w23k747hard,19012808346,23,29455246754,ETH/USDT-0XDAC17F958D2EE523A2206206994597C13D831EC7,4166200,602CA44A0F086D3AA5349D6CD8959D56F167F24B787828ABD984561143F8AC00
1747520303294617304,11199152,success,swap,1,1,"THOR.RUNE,BTC.BTC",E0FDB5E1AFED0D321A0C30AEFEF6A79232C8C410F06B0AF9A6E04A9C1DAC23DE,,THOR.RUNE,119154459356,thor1qvlul0ujfrq27ja7uxrp8r7my9juegz0ug3nsg,BTC/BTC,1929719,maya1qvlul0ujfrq27ja7uxrp8r7my9juegz0ul0lxc,67248008625,18,0,BTC/BTC,41,E0FDB5E1AFED0D321A0C30AEFEF6A79232C8C410F06B0AF9A6E04A9C1DAC23DE
1747520206449219346,11199135,success,swap,1,1,"THOR.RUNE,ETH.USDC-0XA0B86991C6218B36C1D19D4A2E9EB0CE3606EB48",3D77B0CE0173CABBEC9CFBE67C057D3FEE471E7A6473741CEE345A637D458E39,,THOR.RUNE,16590000000,thor17hwqt302e5f2xm4h95ma8wuggqkvfzgvsnh5z9,ETH/USDC-0XA0B86991C6218B36C1D19D4A2E9EB0CE3606EB48,27638158500,maya176820wmjp536wtsddxn4y52ghp3w23k747hard,14537754679,21,27611143124,ETH/USDC-0XA0B86991C6218B36C1D19D4A2E9EB0CE3606EB48,4171500,3D77B0CE0173CABBEC9CFBE67C057D3FEE471E7A6473741CEE345A637D458E39
1747520189401030007,11199132,success,swap,1,1,"THOR.RUNE,ETH.USDT-0XDAC17F958D2EE523A2206206994597C13D831EC7",6BAD8BAA7AE6558846048D590FF330F202FC7F71649BF7D68CAAFCA8EEEDE0BE,,THOR.RUNE,14440000000,thor17hwqt302e5f2xm4h95ma8wuggqkvfzgvsnh5z9,ETH/USDT-0XDAC17F958D2EE523A2206206994597C13D831EC7,24059697200,maya176820wmjp536wtsddxn4y52ghp3w23k747hard,12648743574,21,24033746548,ETH/USDT-0XDAC17F958D2EE523A2206206994597C13D831EC7,4171200,6BAD8BAA7AE6558846048D590FF330F202FC7F71649BF7D68CAAFCA8EEEDE0BE
1747520132398164925,11199122,success,swap,1,1,"THOR.RUNE,ETH.USDC-0XA0B86991C6218B36C1D19D4A2E9EB0CE3606EB48",2D802B9EF33ABC80F1946A1714928C354B45DCD89F7E8F8ED903F382914B034A,,THOR.RUNE,16569999999,thor17hwqt302e5f2xm4h95ma8wuggqkvfzgvsnh5z9,ETH/USDC-0XA0B86991C6218B36C1D19D4A2E9EB0CE3606EB48,27644727000,maya176820wmjp536wtsddxn4y52ghp3w23k747hard,14528552531,21,27611003097,ETH/USDC-0XA0B86991C6218B36C1D19D4A2E9EB0CE3606EB48,4175600,2D802B9EF33ABC80F1946A1714928C354B45DCD89F7E8F8ED903F382914B034A
1747520109592766226,11199118,success,send,1,1,,20D17202D5DD8AF7B936091E0845AC1220A942B31466AFFCC3A4D9D9DCAAB8B1,20D17202D5DD8AF7B936091E0845AC1220A942B31466AFFCC3A4D9D9DCAAB8B1,MAYA,50000,maya18nhrsdg76et4kgnrm65wdpu2e89sdtxfpgctm8,MAYA,50000,maya1fmecyfrrwsm98m59nv9y88urgur8p32g27kha6,,,,,,
1747519928193972829,11199086,success,swap,1,1,"THOR.RUNE,ETH.USDT-0XDAC17F958D2EE523A2206206994597C13D831EC7",FD8DFFEE8985AF0A36406A1D5CB83078AFC9C591A40D1C4F17732D8992313E40,,THOR.RUNE,16050000000,thor17hwqt302e5f2xm4h95ma8wuggqkvfzgvsnh5z9,ETH/USDT-0XDAC17F958D2EE523A2206206994597C13D831EC7,26778794700,maya176820wmjp536wtsddxn4y52ghp3w23k747hard,15653327347,22,26745516888,ETH/USDT-0XDAC17F958D2EE523A2206206994597C13D831EC7,4175300,FD8DFFEE8985AF0A36406A1D5CB83078AFC9C591A40D1C4F17732D8992313E40
1747519837221755523,11199070,success,swap,1,1,"THOR.RUNE,ETH.USDC-0XA0B86991C6218B36C1D19D4A2E9EB0CE3606EB48",36D0BCD285DF6AD31689BFBCA90A2131D713BCF1F472DFE590E914483E4001C2,,THOR.RUNE,14021762589,thor17hwqt302e5f2xm4h95ma8wuggqkvfzgvsnh5z9,ETH/USDC-0XA0B86991C6218B36C1D19D4A2E9EB0CE3606EB48,23430571300,maya176820wmjp536wtsddxn4y52ghp3w23k747hard,10423945494,19,23405440501,ETH/USDC-0XA0B86991C6218B36C1D19D4A2E9EB0CE3606EB48,4179600,36D0BCD285DF6AD31689BFBCA90A2131D713BCF1F472DFE590E914483E4001C2
1747519797343111653,11199063,success,swap,1,1,"THOR.RUNE,ETH.USDT-0XDAC17F958D2EE523A2206206994597C13D831EC7",3DDB8EA649557B55333468B8E234F9040A361F270DAF4206F8059BCE5171D6BA,,THOR.RUNE,12510000000,thor17hwqt302e5f2xm4h95ma8wuggqkvfzgvsnh5z9,ETH/USDT-0XDAC17F958D2EE523A2206206994597C13D831EC7,20909087000,maya176820wmjp536wtsddxn4y52ghp3w23k747hard,9529766407,20,20884044412,ETH/USDT-0XDAC17F958D2EE523A2206206994597C13D831EC7,4179900,3DDB8EA649557B55333468B8E234F9040A361F270DAF4206F8059BCE5171D6BA
1747519643755186366,11199036,success,swap,1,1,"ETH.ETH,THOR.RUNE",DFD59A47FC1B2C892F0240CAEE8D1B2C54555207CD9A6D2AD9B09E0B30876C75,08E81A65F3C9A698468AB1B1376F16846D7EBF103BED392097A55EB99BBC4E19,ETH.ETH,100000,0x4e7e3686fc104a208bd71f764de30dddf4468aff,THOR.RUNE,144950476,thor1h2yek25x6n37yrc7r2aqnyxv46tszeejn509en,386904,10,140478368,THOR.RUNE,2587000,DFD59A47FC1B2C892F0240CAEE8D1B2C54555207CD9A6D2AD9B09E0B30876C75
1747519643755186366,11199036,success,swap,1,1,"THOR.RUNE,ETH.USDC-0XA0B86991C6218B36C1D19D4A2E9EB0CE3606EB48",96F28FEECEEAB028A56F472C8D51E25F2CDD48AABDD1493F974FD5CAB34B4111,,THOR.RUNE,14603473053,thor17hwqt302e5f2xm4h95ma8wuggqkvfzgvsnh5z9,ETH/USDC-0XA0B86991C6218B36C1D19D4A2E9EB0CE3606EB48,24431860600,maya176820wmjp536wtsddxn4y52ghp3w23k747hard,11323544223,20,24405673001,ETH/USDC-0XA0B86991C6218B36C1D19D4A2E9EB0CE3606EB48,4183000,96F28FEECEEAB028A56F472C8D51E25F2CDD48AABDD1493F974FD5CAB34B4111
1747519620663265613,11199032,success,swap,1,1,"THOR.RUNE,ETH.USDT-0XDAC17F958D2EE523A2206206994597C13D831EC7",370DC605624C1702094B1AF95A5AA7A46CF7E794C99DBBAC20764A3624BC7992,,THOR.RUNE,17650000000,thor17hwqt302e5f2xm4h95ma8wuggqkvfzgvsnh5z9,ETH/USDT-0XDAC17F958D2EE523A2206206994597C13D831EC7,29528748600,maya176820wmjp536wtsddxn4y52ghp3w23k747hard,18993483554,23,29482353055,ETH/USDT-0XDAC17F958D2EE523A2206206994597C13D831EC7,4183500,370DC605624C1702094B1AF95A5AA7A46CF7E794C99DBBAC20764A3624BC7992
1747519603592135795,11199029,success,swap,1,1,"THOR.RUNE,ETH.USDC-0XA0B86991C6218B36C1D19D4A2E9EB0CE3606EB48",30234A052269E7B428E2AC17912A70595AB0653C5399A1D2E9C28A6509A0AA06,,THOR.RUNE,24105236385,thor17hwqt302e5f2xm4h95ma8wuggqkvfzgvsnh5z9,ETH/USDC-0XA0B86991C6218B36C1D19D4A2E9EB0CE3606EB48,40363063500,maya176820wmjp536wtsddxn4y52ghp3w23k747hard,30890653111,26,40309369751,ETH/USDC-0XA0B86991C6218B36C1D19D4A2E9EB0CE3606EB48,4186600,30234A052269E7B428E2AC17912A70595AB0653C5399A1D2E9C28A6509A0AA06
1747517363291091633,11198634,success,swap,1,1,"THOR.RUNE,ETH.USDC-0XA0B86991C6218B36C1D19D4A2E9EB0CE3606EB48",6F62550494E80496ED61B2C946A057379DACB22B50D2A2CABD78A30970225615,,THOR.RUNE,16490000000,thor17hwqt302e5f2xm4h95ma8wuggqkvfzgvsnh5z9,ETH/USDC-0XA0B86991C6218B36C1D19D4A2E9EB0CE3606EB48,27672096300,maya176820wmjp536wtsddxn4y52ghp3w23k747hard,14490047099,21,27642629263,ETH/USDC-0XA0B86991C6218B36C1D19D4A2E9EB0CE3606EB48,4192500,6F62550494E80496ED61B2C946A057379DACB22B50D2A2CABD78A30970225615
1747516700159954420,11198517,success,swap,1,1,"THOR.RUNE,ETH.USDC-0XA0B86991C6218B36C1D19D4A2E9EB0CE3606EB48",E33D325DF85E9834BB87A7AF08482C23A80E42C88EC4B2C0EDC72A20402E7E4C,,THOR.RUNE,16460000000,thor17hwqt302e5f2xm4h95ma8wuggqkvfzgvsnh5z9,ETH/USDC-0XA0B86991C6218B36C1D19D4A2E9EB0CE3606EB48,27655562200,maya176820wmjp536wtsddxn4y52ghp3w23k747hard,14456870615,21,27625265878,ETH/USDC-0XA0B86991C6218B36C1D19D4A2E9EB0CE3606EB48,4196600,E33D325DF85E9834BB87A7AF08482C23A80E42C88EC4B2C0EDC72A20402E7E4C
1747516343076008273,11198454,success,swap,1,1,"THOR.RUNE,ETH.ETH",AC7E442B845CBB01214EAEDB3483BA460489D4E786CDB8B38AE0858B5810F6D7,605BFBB0F7EA328B32696BAF5C7197A1EAF3A9AF5F1EBF629B676348A178A092,THOR.RUNE,83979042296,thor17hwqt302e5f2xm4h95ma8wuggqkvfzgvsnh5z9,ETH.ETH,56754366,0x7f2cabce04f012df9ed86b6522a3903b6a66d86d,125312447876,28,56732119,ETH.ETH,129360,AC7E442B845CBB01214EAEDB3483BA460489D4E786CDB8B38AE0858B5810F6D7
1747515768859160681,11198353,success,swap,1,1,"THOR.RUNE,ETH.ETH",A9E771A4EE006C5F09EB7E7DBB6C7F0C4B4CB7446B19AC91A9436743CAF971A5,674A070F9683623D63D66C55E2923F51A8ABBC4577791ACFC9698946C22BB2EF,THOR.RUNE,83978659347,thor17hwqt302e5f2xm4h95ma8wuggqkvfzgvsnh5z9,ETH.ETH,56952048,0x7f2cabce04f012df9ed86b6522a3903b6a66d86d,125651336343,28,56922194,ETH.ETH,129370,A9E771A4EE006C5F09EB7E7DBB6C7F0C4B4CB7446B19AC91A9436743CAF971A5
1747515643765370155,11198331,success,swap,1,1,"ETH.USDT-0XDAC17F958D2EE523A2206206994597C13D831EC7,ETH.ETH",9B40D5B23929D0840868DCDAE9D43FF68BC6D0C2E3158E2FDF40A57E2128BF00,,ETH/USDT-0XDAC17F958D2EE523A2206206994597C13D831EC7,2999920000,maya176820wmjp536wtsddxn4y52ghp3w23k747hard,ETH/ETH,1212902,maya176820wmjp536wtsddxn4y52ghp3w23k747hard,212113915,11,1205458,ETH/ETH,1698,9B40D5B23929D0840868DCDAE9D43FF68BC6D0C2E3158E2FDF40A57E2128BF00
1747515398829163281,11198288,success,swap,1,1,"ETH.USDC-0XA0B86991C6218B36C1D19D4A2E9EB0CE3606EB48,ETH.USDT-0XDAC17F958D2EE523A2206206994597C13D831EC7",13ED5E83519E69456EC3543E43B663CADF97B21EE5CFD4B770D782C27DD34244,,ETH/USDC-0XA0B86991C6218B36C1D19D4A2E9EB0CE3606EB48,30000000000,maya1kkp8c0zca889hpechxzz36mmk5sjm5ja3lu4k2,ETH/USDT-0XDAC17F958D2EE523A2206206994597C13D831EC7,30083644900,maya1kkp8c0zca889hpechxzz36mmk5sjm5ja3lu4k2,8206393696,16,0,ETH/USDT-0XDAC17F958D2EE523A2206206994597C13D831EC7,4188000,13ED5E83519E69456EC3543E43B663CADF97B21EE5CFD4B770D782C27DD34244
1747515375755852183,11198284,success,swap,1,1,"ETH.USDC-0XA0B86991C6218B36C1D19D4A2E9EB0CE3606EB48,ETH.USDT-0XDAC17F958D2EE523A2206206994597C13D831EC7",7EBE8A14ABD24AB0BC3CD3BF897D1829E9726FCCA99B450F8EC294EA17A7BC3F,,ETH/USDC-0XA0B86991C6218B36C1D19D4A2E9EB0CE3606EB48,30000000000,maya1kkp8c0zca889hpechxzz36mmk5sjm5ja3lu4k2,ETH/USDT-0XDAC17F958D2EE523A2206206994597C13D831EC7,30124038800,maya1kkp8c0zca889hpechxzz36mmk5sjm5ja3lu4k2,8216873736,16,0,ETH/USDT-0XDAC17F958D2EE523A2206206994597C13D831EC7,4190600,7EBE8A14ABD24AB0BC3CD3BF897D1829E9726FCCA99B450F8EC294EA17A7BC3F
1747515358433751831,11198281,success,swap,1,1,"ETH.USDC-0XA0B86991C6218B36C1D19D4A2E9EB0CE3606EB48,THOR.RUNE",1291A7E6B96C8AA591321488A5BBBDC0ADBF36163B1775558D253AC4A189617A,D1DD2F6965CC589D1984C76CE4850E7E32FB60F3554A5D53E6D0B085ECE13A01,ETH.USDC-0XA0B86991C6218B36C1D19D4A2E9EB0CE3606EB48,200000000000,0xd1f7112354055160d58fa1b1e7cfd15c0bfee464,THOR.RUNE,118917933758,thor1qvlul0ujfrq27ja7uxrp8r7my9juegz0ug3nsg,50613174338,16,0,THOR.RUNE,2587200,1291A7E6B96C8AA591321488A5BBBDC0ADBF36163B1775558D253AC4A189617A
1747515352741080248,11198280,success,swap,1,1,"BTC.BTC,ETH.ETH",8FFFB30A2C471B34038AB8EC9ABD8DC10E64C6CEFD655DA22AD77329390742F5,,BTC/BTC,209744,maya1dmgdpkqngg3amua5hffjcharngzdp4wv3jrwyq,ETH/ETH,8742223,maya1dmgdpkqngg3amua5hffjcharngzdp4wv3jrwyq,2490211958,13,8303433,ETH/ETH,1694,8FFFB30A2C471B34038AB8EC9ABD8DC10E64C6CEFD655DA22AD77329390742F5
1747515301072530919,11198271,success,swap,1,1,"BTC.BTC,ETH.ETH",3D05B1B352E7253B73373DE1FAE85F45C0995ACCA442108AD9A35FD1FC4B42C3,,BTC/BTC,963641,maya1dmgdpkqngg3amua5hffjcharngzdp4wv3jrwyq,ETH/ETH,40129671,maya1dmgdpkqngg3amua5hffjcharngzdp4wv3jrwyq,52531024314,21,38157759,ETH/ETH,1694,3D05B1B352E7253B73373DE1FAE85F45C0995ACCA442108AD9A35FD1FC4B42C3
1747515301072530919,11198271,success,swap,1,1,"ETH.USDT-0XDAC17F958D2EE523A2206206994597C13D831EC7,THOR.RUNE",DD89BE4C7E961967CFA542CEDEA11DD258F2D84A500689A9CA4DA1E1639BF8B8,C5EB1A6E849C64986445DE3EF120C27C37A6A10922683E335A89FAF8486E7DA1,ETH/USDT-0XDAC17F958D2EE523A2206206994597C13D831EC7,30761809999,maya176820wmjp536wtsddxn4y52ghp3w23k747hard,THOR.RUNE,18189212662,thor17hwqt302e5f2xm4h95ma8wuggqkvfzgvsnh5z9,20430041315,24,18174224526,THOR.RUNE,2587400,DD89BE4C7E961967CFA542CEDEA11DD258F2D84A500689A9CA4DA1E1639BF8B8
1747515295207395253,11198270,success,swap,1,1,"BTC.BTC,ETH.ETH",8E52008C470BD59A6D42FDA0C56395E90FAD37DA29AECA3E83026A80EC3CF4D4,,BTC/BTC,964296,maya17f9d0w3y2j9a6s83vz0xfssdmdwe5yzkk3j9kk,ETH/ETH,40201382,maya17f9d0w3y2j9a6s83vz0xfssdmdwe5yzkk3j9kk,52660136927,21,38183599,ETH/ETH,1696,8E52008C470BD59A6D42FDA0C56395E90FAD37DA29AECA3E83026A80EC3CF4D4
1747515289463714220,11198269,success,swap,1,1,"ETH.USDT-0XDAC17F958D2EE523A2206206994597C13D831EC7,THOR.RUNE",EA2C866508020B6565144ED68D378973B070FB32FBC4FCAD8BBF8085011955EC,D2C67B2ACF3C8F4D561E2AF5D7B36530702C4842C49767A3584E9612BBD1FD83,ETH/USDT-0XDAC17F958D2EE523A2206206994597C13D831EC7,22766381115,maya176820wmjp536wtsddxn4y52ghp3w23k747hard,THOR.RUNE,13483479247,thor17hwqt302e5f2xm4h95ma8wuggqkvfzgvsnh5z9,11206040193,20,13472626651,THOR.RUNE,2587400,EA2C866508020B6565144ED68D378973B070FB32FBC4FCAD8BBF8085011955EC
1747515283965735791,11198268,success,swap,1,1,"ETH.USDT-0XDAC17F958D2EE523A2206206994597C13D831EC7,ETH.ETH",5A989D8A3DCF1977BC04FDB4755317B50F092DDF33F68B1CA0B7EAC13739DFFE,D3E22567282A1B148A2FD4AF7DDA2FD1A63DDEF383DB74B607AE9ACAF4EEEA03,ETH/USDT-0XDAC17F958D2EE523A2206206994597C13D831EC7,76017529821,maya176820wmjp536wtsddxn4y52ghp3w23k747hard,ETH.ETH,30502758,0x7f2cabce04f012df9ed86b6522a3903b6a66d86d,135921512441,48,30475943,ETH.ETH,129390,5A989D8A3DCF1977BC04FDB4755317B50F092DDF33F68B1CA0B7EAC13739DFFE
1747515272714796905,11198266,success,swap,1,1,"ETH.USDC-0XA0B86991C6218B36C1D19D4A2E9EB0CE3606EB48,ETH.USDT-0XDAC17F958D2EE523A2206206994597C13D831EC7",664A1569F8B06F2C2664D77E87C79F10A28952B6781F1DAC2E962D5BD92FE628,,ETH/USDC-0XA0B86991C6218B36C1D19D4A2E9EB0CE3606EB48,30000000000,maya1kkp8c0zca889hpechxzz36mmk5sjm5ja3lu4k2,ETH/USDT-0XDAC17F958D2EE523A2206206994597C13D831EC7,30145376500,maya1kkp8c0zca889hpechxzz36mmk5sjm5ja3lu4k2,8226514415,16,0,ETH/USDT-0XDAC17F958D2EE523A2206206994597C13D831EC7,4198300,664A1569F8B06F2C2664D77E87C79F10A28952B6781F1DAC2E962D5BD92FE628
1747515187193217250,11198251,success,swap,1,1,"BTC.BTC,ETH.ETH",DF9DB52472683DE44DA42EF874EA5BF129AB3CDD1486A350CA6555DE83712B0C,,BTC/BTC,960756,maya1dmgdpkqngg3amua5hffjcharngzdp4wv3jrwyq,ETH/ETH,40118196,maya1dmgdpkqngg3amua5hffjcharngzdp4wv3jrwyq,52343225314,21,38146737,ETH/ETH,1698,DF9DB52472683DE44DA42EF874EA5BF129AB3CDD1486A350CA6555DE83712B0C
1747515181538079261,11198250,success,swap,1,1,"BTC.BTC,ETH.ETH",175044C02FE5E64E499407793FD4CD816FE27724232E3805465ECBE5EE38980E,,BTC/BTC,960756,maya17f9d0w3y2j9a6s83vz0xfssdmdwe5yzkk3j9kk,ETH/ETH,40162570,maya17f9d0w3y2j9a6s83vz0xfssdmdwe5yzkk3j9kk,52400741140,21,38146737,ETH/ETH,1699,175044C02FE5E64E499407793FD4CD816FE27724232E3805465ECBE5EE38980E
